{
  "episode_rewards": [
    -1510.674188,
    -1548.670821,
    -2020.393125,
    -1451.869798,
    -1213.165327,
    -2052.508491,
    -1333.052932,
    -1450.439314,
    -1654.281057,
    -1471.935712,
    -1883.415213,
    -1357.681544,
    -2257.286126,
    -1352.076822,
    -1245.266198,
    -1294.446188,
    -1547.913064,
    -1206.983701,
    -1611.296132,
    -754.968671,
    -1440.789367,
    -1438.690896,
    -1278.121945,
    -1204.637983,
    -1227.451604,
    -3819.448762,
    -1139.506178,
    -1255.670982,
    -1265.12281,
    -1394.902111,
    -1072.133145,
    -1363.455204,
    -1397.921875
  ],
  "episode_lengths": [
    300,
    300,
    300,
    300,
    300,
    300,
    300,
    300,
    300,
    300,
    300,
    300,
    300,
    300,
    300,
    300,
    300,
    300,
    300,
    300,
    300,
    300,
    300,
    300,
    300,
    300,
    300,
    300,
    300,
    300,
    300,
    300,
    300
  ],
  "success_rate": [],
  "timesteps": [
    300,
    600,
    900,
    1200,
    1500,
    1800,
    2100,
    2400,
    2700,
    3000,
    3300,
    3600,
    3900,
    4200,
    4500,
    4800,
    5100,
    5400,
    5700,
    6000,
    6300,
    6600,
    6900,
    7200,
    7500,
    7800,
    8100,
    8400,
    8700,
    9000,
    9300,
    9600,
    9900
  ]
}